{"cameraMode":{"drawMode":0,"name":"Shaded","section":"Shading Mode"},"sceneLighting":true,"audioPlay":false,"sceneViewState":{"m_AlwaysRefresh":false,"showFog":true,"showSkybox":true,"showFlares":true,"showImageEffects":true,"showParticleSystems":true,"showVisualEffectGraphs":true,"m_FxEnabled":true},"in2DMode":false,"pivot":{"x":-0.7324551343917847,"y":0.6468988060951233,"z":0.7918660640716553},"rotation":{"x":0.12299811840057373,"y":-0.4789181053638458,"z":0.06797844916582108,"w":0.8665384650230408},"size":1.5827975273132325,"orthographic":false}