{"cameraMode":{"drawMode":0,"name":"Shaded","section":"Shading Mode"},"sceneLighting":true,"audioPlay":false,"sceneViewState":{"m_AlwaysRefresh":false,"showFog":true,"showSkybox":true,"showFlares":true,"showImageEffects":true,"showParticleSystems":true,"showVisualEffectGraphs":true,"m_FxEnabled":true},"in2DMode":false,"pivot":{"x":8.105245590209961,"y":1.7413997650146485,"z":15.792207717895508},"rotation":{"x":0.10585051774978638,"y":-0.46373385190963747,"z":0.05591672658920288,"w":0.877849817276001},"size":7.544694423675537,"orthographic":true}