{"cameraMode":{"drawMode":0,"name":"Shaded","section":"Shading Mode"},"sceneLighting":true,"audioPlay":false,"sceneViewState":{"m_AlwaysRefresh":false,"showFog":true,"showSkybox":true,"showFlares":true,"showImageEffects":true,"showParticleSystems":true,"showVisualEffectGraphs":true,"m_FxEnabled":true},"in2DMode":false,"pivot":{"x":2.3803324699401857,"y":1.6206066608428956,"z":0.42498958110809328},"rotation":{"x":0.14239133894443513,"y":-0.35231852531433108,"z":0.05432957783341408,"w":0.9233896732330322},"size":2.090942859649658,"orthographic":true}