{"cameraMode":{"drawMode":0,"name":"Shaded","section":"Shading Mode"},"sceneLighting":true,"audioPlay":false,"sceneViewState":{"m_AlwaysRefresh":false,"showFog":true,"showSkybox":true,"showFlares":true,"showImageEffects":true,"showParticleSystems":true,"showVisualEffectGraphs":true,"m_FxEnabled":true},"in2DMode":false,"pivot":{"x":0.005475878715515137,"y":0.6172455549240112,"z":-0.15639349818229676},"rotation":{"x":0.10678569972515106,"y":-0.37351709604263308,"z":0.04333409667015076,"w":0.9204366207122803},"size":0.8481199741363525,"orthographic":false}