{"cameraMode":{"drawMode":0,"name":"Shaded","section":"Shading Mode"},"sceneLighting":true,"audioPlay":false,"sceneViewState":{"m_AlwaysRefresh":false,"showFog":true,"showSkybox":true,"showFlares":true,"showImageEffects":true,"showParticleSystems":true,"showVisualEffectGraphs":true,"m_FxEnabled":true},"in2DMode":false,"pivot":{"x":-1.0290006399154664,"y":1.7988871335983277,"z":1.8436121940612794},"rotation":{"x":0.10585051774978638,"y":-0.46373385190963747,"z":0.05591672658920288,"w":0.877849817276001},"size":5.344851493835449,"orthographic":true}